airline,date_of_journey,source,destination,dep_time,arrival_time,duration,total_stops,additional_info,price
Jet Airways,2019-06-01,Delhi,Cochin,20:00:00,04:25:00,505,2.0,No Info,16263
Air India,2019-05-18,Delhi,Cochin,12:00:00,07:40:00,1180,2.0,No Info,8603
Indigo,2019-06-18,Mumbai,Hyderabad,21:20:00,22:50:00,90,0.0,No Info,2227
Jet Airways,2019-06-27,Delhi,Cochin,15:00:00,19:00:00,1680,1.0,In-flight meal not included,10262
Jet Airways,2019-05-01,Kolkata,Banglore,06:30:00,18:15:00,705,1.0,In-flight meal not included,10844
Vistara,2019-06-09,Kolkata,Banglore,17:00:00,18:50:00,1550,1.0,No Info,9135
Spicejet,2019-03-24,Banglore,New Delhi,05:45:00,08:35:00,170,0.0,No check-in baggage included,3527
Air India,2019-05-01,Kolkata,Banglore,10:00:00,13:45:00,1665,2.0,No Info,15164
Multiple Carriers,2019-05-24,Delhi,Cochin,14:55:00,22:30:00,455,1.0,No Info,7740
Indigo,2019-06-03,Delhi,Cochin,11:25:00,21:00:00,575,1.0,No Info,6093
Air India,2019-03-27,Mumbai,Hyderabad,06:20:00,07:40:00,80,0.0,No Info,2575
Spicejet,2019-06-21,Banglore,Delhi,09:30:00,12:20:00,170,0.0,No Info,3625
Air India,2019-03-03,Banglore,New Delhi,10:00:00,12:45:00,165,0.0,No Info,11423
Jet Airways,2019-04-24,Banglore,Delhi,11:10:00,14:05:00,175,0.0,In-flight meal not included,4544
Air India,2019-06-12,Delhi,Cochin,17:15:00,09:25:00,970,2.0,No Info,9417
Jet Airways,2019-03-27,Delhi,Cochin,13:00:00,04:25:00,925,1.0,In-flight meal not included,6960
Jet Airways,2019-04-09,Banglore,Delhi,08:20:00,11:20:00,180,0.0,In-flight meal not included,4544
Multiple Carriers,2019-03-21,Delhi,Cochin,08:00:00,19:15:00,675,1.0,No Info,13378
Goair,2019-04-01,Banglore,Delhi,20:55:00,23:40:00,165,0.0,No Info,4239
Indigo,2019-03-09,Banglore,New Delhi,17:55:00,22:55:00,300,1.0,No Info,6351
Air India,2019-05-12,Kolkata,Banglore,16:45:00,21:05:00,1700,1.0,No Info,7662
Multiple Carriers,2019-06-03,Delhi,Cochin,11:25:00,19:15:00,470,1.0,No Info,7354
Air India,2019-05-01,Kolkata,Banglore,10:00:00,05:25:00,1165,2.0,No Info,13899
Vistara,2019-06-12,Kolkata,Banglore,07:10:00,20:20:00,790,1.0,No Info,8610
Indigo,2019-03-06,Delhi,Cochin,16:10:00,22:20:00,370,1.0,No Info,7205
Indigo,2019-05-06,Banglore,Delhi,08:30:00,11:20:00,170,0.0,No Info,4823
Jet Airways,2019-05-18,Delhi,Cochin,23:05:00,19:00:00,1195,2.0,No Info,15129
Indigo,2019-03-09,Delhi,Cochin,04:55:00,16:10:00,675,1.0,No Info,6171
Jet Airways,2019-05-27,Delhi,Cochin,07:05:00,19:00:00,715,1.0,In-flight meal not included,12898
Air India,2019-05-21,Kolkata,Banglore,08:20:00,11:10:00,1610,2.0,No Info,11222
Air India,2019-06-09,Delhi,Cochin,20:40:00,09:25:00,765,1.0,No Info,7690
Indigo,2019-03-01,Kolkata,Banglore,09:35:00,12:20:00,165,0.0,No Info,6565
Jet Airways,2019-05-01,Kolkata,Banglore,06:30:00,12:00:00,330,1.0,No Info,14388
Jet Airways,2019-06-15,Delhi,Cochin,21:25:00,19:00:00,1295,2.0,In-flight meal not included,10588
Indigo,2019-05-15,Delhi,Cochin,10:35:00,21:00:00,625,1.0,No Info,6979
Jet Airways,2019-06-15,Delhi,Cochin,12:15:00,12:35:00,1460,2.0,No Info,14300
Jet Airways,2019-05-09,Kolkata,Banglore,16:30:00,18:15:00,1545,1.0,In-flight meal not included,8586
Indigo,2019-06-06,Kolkata,Banglore,08:10:00,13:00:00,290,1.0,No Info,5069
Indigo,2019-03-21,Delhi,Cochin,06:40:00,13:20:00,400,1.0,No Info,10208
Indigo,2019-06-01,Delhi,Cochin,11:55:00,22:30:00,635,1.0,No Info,6674
Jet Airways,2019-03-24,Banglore,New Delhi,05:45:00,10:45:00,300,1.0,In-flight meal not included,8147
Multiple Carriers,2019-06-12,Delhi,Cochin,10:20:00,19:15:00,535,1.0,No Info,8266
Indigo,2019-05-21,Kolkata,Banglore,17:35:00,22:15:00,280,1.0,No Info,5386
Jet Airways,2019-03-24,Kolkata,Banglore,18:55:00,04:45:00,590,1.0,No Info,14231
Indigo,2019-05-18,Kolkata,Banglore,09:35:00,12:20:00,165,0.0,No Info,4804
Indigo,2019-05-27,Mumbai,Hyderabad,21:20:00,22:50:00,90,0.0,No Info,2227
Spicejet,2019-03-03,Delhi,Cochin,06:10:00,11:20:00,310,1.0,No Info,9748
Jet Airways,2019-03-21,Delhi,Cochin,18:15:00,04:25:00,610,1.0,In-flight meal not included,5963
Jet Airways,2019-03-01,Banglore,New Delhi,22:50:00,23:00:00,1450,1.0,No Info,25735
Air Asia,2019-04-12,Banglore,Delhi,23:55:00,02:45:00,170,0.0,No Info,7080
Jet Airways,2019-03-06,Banglore,New Delhi,05:45:00,21:20:00,935,1.0,No Info,16736
Air India,2019-05-12,Kolkata,Banglore,09:25:00,18:30:00,545,1.0,No Info,8576
Air India,2019-03-21,Delhi,Cochin,06:50:00,19:15:00,2185,2.0,No Info,10756
Indigo,2019-03-27,Delhi,Cochin,09:10:00,21:00:00,710,1.0,No Info,10351
Indigo,2019-04-21,Banglore,Delhi,00:30:00,03:25:00,175,0.0,No Info,3943
Jet Airways,2019-06-03,Delhi,Cochin,10:00:00,19:00:00,540,1.0,No Info,14714
Indigo,2019-03-03,Delhi,Cochin,16:10:00,22:20:00,370,1.0,No Info,11237
Indigo,2019-06-06,Delhi,Cochin,08:30:00,21:00:00,750,1.0,No Info,6416
Jet Airways,2019-03-06,Delhi,Cochin,15:05:00,04:25:00,800,1.0,No Info,15764
Vistara,2019-05-21,Chennai,Kolkata,07:05:00,09:20:00,135,0.0,No Info,3687
Multiple Carriers,2019-06-03,Delhi,Cochin,07:05:00,22:30:00,925,1.0,No Info,10696
Multiple Carriers,2019-03-21,Delhi,Cochin,07:10:00,21:20:00,850,2.0,In-flight meal not included,5935
Jet Airways,2019-05-15,Kolkata,Banglore,09:35:00,14:25:00,1730,1.0,In-flight meal not included,9314
Vistara,2019-03-06,Mumbai,Hyderabad,20:55:00,22:55:00,1560,1.0,No Info,12395
Vistara,2019-04-09,Delhi,Cochin,06:00:00,09:10:00,190,0.0,No Info,5586
Jet Airways,2019-03-24,Mumbai,Hyderabad,15:50:00,17:20:00,90,0.0,No Info,5678
Goair,2019-05-09,Kolkata,Banglore,23:30:00,07:45:00,495,1.0,No Info,6095
Air Asia,2019-04-06,Kolkata,Banglore,10:20:00,12:55:00,155,0.0,No Info,3807
Air India,2019-03-21,Delhi,Cochin,21:00:00,19:15:00,1335,1.0,No Info,6587
Multiple Carriers,2019-03-01,Delhi,Cochin,00:20:00,13:20:00,780,1.0,No Info,29528
Jet Airways,2019-03-03,Delhi,Cochin,05:25:00,04:25:00,1380,2.0,No Info,18799
Indigo,2019-03-03,Delhi,Cochin,06:40:00,15:30:00,530,1.0,No Info,14871
Goair,2019-05-27,Banglore,Delhi,07:45:00,10:40:00,175,0.0,No Info,3419
Air India,2019-06-09,Delhi,Cochin,06:05:00,09:25:00,1640,1.0,No Info,7690
Multiple Carriers,2019-03-27,Delhi,Cochin,09:45:00,21:20:00,695,2.0,No Info,6653
Air India,2019-06-12,Delhi,Cochin,12:00:00,19:15:00,435,2.0,No Info,8603
Jet Airways,2019-05-09,Delhi,Cochin,18:15:00,12:35:00,1100,1.0,In-flight meal not included,12373
Indigo,2019-05-15,Kolkata,Banglore,19:35:00,23:15:00,220,1.0,No Info,4226
Jet Airways,2019-05-21,Delhi,Cochin,20:00:00,04:25:00,505,2.0,In-flight meal not included,15318
Indigo,2019-06-24,Delhi,Cochin,08:30:00,21:00:00,750,1.0,No Info,6093
Jet Airways,2019-05-06,Kolkata,Banglore,09:35:00,18:00:00,505,1.0,No Info,13067
Jet Airways,2019-04-01,Kolkata,Banglore,18:55:00,16:20:00,1285,1.0,In-flight meal not included,7064
Air India,2019-05-06,Kolkata,Banglore,12:00:00,18:30:00,1830,2.0,No Info,10151
Indigo,2019-06-01,Delhi,Cochin,11:25:00,01:30:00,845,1.0,No Info,6206
Air India,2019-04-01,Kolkata,Banglore,16:50:00,07:55:00,905,1.0,No Info,7893
Jet Airways,2019-03-09,Delhi,Cochin,17:25:00,18:50:00,1525,1.0,In-flight meal not included,14053
Air India,2019-05-24,Banglore,Delhi,21:05:00,23:55:00,170,0.0,No Info,5228
Jet Airways,2019-06-15,Delhi,Cochin,09:00:00,12:35:00,1655,1.0,In-flight meal not included,10262
Jet Airways,2019-06-27,Mumbai,Hyderabad,02:55:00,04:20:00,85,0.0,No Info,5678
Multiple Carriers,2019-03-21,Delhi,Cochin,08:55:00,15:30:00,395,1.0,No Info,11269
Jet Airways,2019-05-18,Delhi,Cochin,11:30:00,19:00:00,450,1.0,No Info,15554
Indigo,2019-06-03,Chennai,Kolkata,05:15:00,07:40:00,145,0.0,No Info,3540
Goair,2019-04-06,Delhi,Cochin,07:25:00,13:35:00,370,1.0,No Info,4201
Jet Airways,2019-05-09,Delhi,Cochin,15:00:00,04:25:00,805,1.0,In-flight meal not included,12373
Air India,2019-05-21,Delhi,Cochin,17:15:00,19:15:00,1560,2.0,No Info,11989
Air India,2019-03-24,Mumbai,Hyderabad,15:00:00,16:25:00,85,0.0,No Info,2050
Jet Airways,2019-05-27,Delhi,Cochin,17:30:00,04:25:00,655,1.0,In-flight meal not included,12898
Jet Airways,2019-05-27,Banglore,Delhi,11:10:00,14:05:00,175,0.0,In-flight meal not included,4030
Jet Airways,2019-06-15,Mumbai,Hyderabad,02:55:00,04:20:00,85,0.0,No Info,5678
Jet Airways,2019-03-24,Kolkata,Banglore,13:55:00,04:45:00,890,1.0,No Info,13759
Indigo,2019-06-27,Banglore,Delhi,00:25:00,03:15:00,170,0.0,No Info,3419
Goair,2019-03-18,Banglore,New Delhi,11:40:00,14:35:00,175,0.0,No Info,4340
Spicejet,2019-04-06,Kolkata,Banglore,22:20:00,00:40:00,140,0.0,No Info,3873
Multiple Carriers,2019-03-09,Delhi,Cochin,06:00:00,19:15:00,795,1.0,No Info,14408
Jet Airways,2019-05-18,Delhi,Cochin,13:25:00,12:35:00,1390,2.0,No Info,16704
Jet Airways,2019-03-27,Delhi,Cochin,06:20:00,19:45:00,2245,2.0,In-flight meal not included,9296
Jet Airways,2019-06-27,Mumbai,Hyderabad,07:05:00,08:30:00,85,0.0,In-flight meal not included,4995
Jet Airways,2019-03-21,Banglore,New Delhi,08:00:00,21:20:00,800,1.0,In-flight meal not included,7832
Spicejet,2019-05-09,Kolkata,Banglore,09:00:00,11:25:00,145,0.0,No Info,3873
Jet Airways,2019-03-27,Delhi,Cochin,02:15:00,18:50:00,995,1.0,No Info,12242
Jet Airways,2019-06-12,Delhi,Cochin,13:00:00,12:35:00,1415,1.0,In-flight meal not included,10262
Air India,2019-04-09,Banglore,Delhi,21:05:00,23:55:00,170,0.0,No Info,4441
Spicejet,2019-03-18,Kolkata,Banglore,06:55:00,09:35:00,160,0.0,No check-in baggage included,4413
Spicejet,2019-06-09,Mumbai,Hyderabad,22:45:00,00:15:00,90,0.0,No check-in baggage included,1965
Indigo,2019-05-27,Banglore,Delhi,21:15:00,00:15:00,180,0.0,No Info,3943
Multiple Carriers,2019-03-21,Delhi,Cochin,07:10:00,22:20:00,910,1.0,In-flight meal not included,5999
Spicejet,2019-06-12,Kolkata,Banglore,06:55:00,09:30:00,155,0.0,No Info,3873
Air India,2019-03-12,Kolkata,Banglore,14:15:00,16:45:00,150,0.0,No Info,5747
Jet Airways,2019-03-15,Mumbai,Hyderabad,07:10:00,08:35:00,85,0.0,No Info,8040
Spicejet,2019-05-27,Chennai,Kolkata,08:20:00,10:35:00,135,0.0,No Info,3597
Jet Airways,2019-04-01,Kolkata,Banglore,06:30:00,04:40:00,1330,1.0,In-flight meal not included,7064
Air India,2019-03-06,Mumbai,Hyderabad,09:15:00,09:15:00,1440,1.0,No Info,9535
Jet Airways,2019-06-24,Delhi,Cochin,22:50:00,19:00:00,1210,1.0,In-flight meal not included,10262
Jet Airways,2019-03-18,Mumbai,Hyderabad,15:50:00,17:20:00,90,0.0,In-flight meal not included,2228
Vistara,2019-05-09,Kolkata,Banglore,17:00:00,18:50:00,1550,1.0,No Info,8820
Air Asia,2019-03-15,Kolkata,Banglore,22:50:00,01:20:00,150,0.0,No Info,3782
Jet Airways,2019-04-01,Kolkata,Banglore,09:35:00,18:00:00,505,1.0,No Info,11467
Multiple Carriers,2019-06-01,Delhi,Cochin,07:05:00,22:30:00,925,1.0,No Info,9646
Air India,2019-06-24,Delhi,Cochin,10:55:00,19:15:00,500,2.0,No Info,11753
Indigo,2019-04-06,Banglore,Delhi,22:10:00,01:00:00,170,0.0,No Info,3943
Indigo,2019-03-21,Delhi,Cochin,06:40:00,22:20:00,940,1.0,No Info,6558
Spicejet,2019-03-24,Chennai,Kolkata,09:30:00,12:05:00,155,0.0,No Info,3859
Air India,2019-04-01,Kolkata,Banglore,16:45:00,23:15:00,1830,3.0,No Info,8607
Multiple Carriers,2019-03-09,Delhi,Cochin,15:15:00,01:35:00,620,1.0,No Info,15200
Spicejet,2019-06-21,Kolkata,Banglore,06:55:00,09:30:00,155,0.0,No check-in baggage included,3841
Vistara,2019-05-01,Kolkata,Banglore,07:10:00,09:05:00,1555,1.0,No Info,8452
Air India,2019-05-01,Kolkata,Banglore,17:30:00,13:45:00,1215,2.0,No Info,15164
Air India,2019-03-24,Banglore,New Delhi,17:00:00,22:55:00,1795,2.0,No Info,8114
Jet Airways,2019-03-06,Banglore,New Delhi,21:25:00,10:25:00,780,1.0,No Info,17261
Indigo,2019-04-06,Delhi,Cochin,02:00:00,07:25:00,325,1.0,No Info,5046
Indigo,2019-05-27,Delhi,Cochin,20:25:00,01:30:00,305,1.0,No Info,5054
Jet Airways,2019-05-21,Kolkata,Banglore,20:25:00,09:45:00,800,1.0,In-flight meal not included,12384
Spicejet,2019-04-24,Delhi,Cochin,08:45:00,13:15:00,270,1.0,No check-in baggage included,4760
Multiple Carriers,2019-06-09,Delhi,Cochin,07:00:00,19:00:00,720,1.0,No Info,12192
Indigo,2019-05-21,Delhi,Cochin,09:15:00,21:00:00,705,1.0,No Info,7318
Jet Airways,2019-05-06,Kolkata,Banglore,20:00:00,08:15:00,735,1.0,No Info,14388
Multiple Carriers,2019-05-09,Delhi,Cochin,09:00:00,19:15:00,615,1.0,No Info,14323
Indigo,2019-06-24,Banglore,Delhi,01:30:00,04:15:00,165,0.0,No Info,3943
Indigo,2019-03-24,Kolkata,Banglore,17:15:00,20:00:00,165,0.0,No Info,6565
Multiple Carriers,2019-05-09,Delhi,Cochin,11:30:00,19:15:00,465,1.0,No Info,14323
Indigo,2019-04-21,Banglore,Delhi,04:00:00,06:50:00,170,0.0,No Info,4423
Air India,2019-06-06,Delhi,Cochin,05:15:00,19:15:00,2280,3.0,No Info,10703
Indigo,2019-06-01,Delhi,Cochin,05:10:00,10:05:00,295,1.0,No Info,6842
Jet Airways,2019-05-15,Kolkata,Banglore,06:30:00,20:45:00,855,1.0,No Info,14781
Indigo,2019-05-06,Delhi,Cochin,18:35:00,01:30:00,415,1.0,No Info,7191
Air India,2019-03-03,Banglore,New Delhi,08:15:00,08:50:00,1475,1.0,No Info,6781
Vistara,2019-04-18,Delhi,Cochin,06:00:00,09:10:00,190,0.0,No Info,6741
Multiple Carriers,2019-06-03,Delhi,Cochin,08:00:00,21:00:00,780,1.0,No Info,13797
Air Asia,2019-05-27,Banglore,Delhi,23:55:00,02:45:00,170,0.0,No Info,3383
Jet Airways,2019-04-01,Kolkata,Banglore,08:25:00,20:45:00,740,1.0,In-flight meal not included,7064
Indigo,2019-03-12,Chennai,Kolkata,13:20:00,15:35:00,135,0.0,No Info,6297
Jet Airways,2019-03-06,Banglore,New Delhi,20:35:00,07:40:00,665,1.0,No Info,16736
Spicejet,2019-06-01,Kolkata,Banglore,06:55:00,09:30:00,155,0.0,No Info,3873
Multiple Carriers,2019-03-21,Delhi,Cochin,08:00:00,15:30:00,450,1.0,No Info,14486
Jet Airways,2019-04-03,Mumbai,Hyderabad,02:55:00,04:20:00,85,0.0,No Info,5678
Goair,2019-06-27,Kolkata,Banglore,15:20:00,17:55:00,155,0.0,No Info,3514
Multiple Carriers,2019-06-09,Delhi,Cochin,14:00:00,01:30:00,690,1.0,No Info,13377
Jet Airways,2019-06-27,Delhi,Cochin,18:15:00,12:35:00,1100,1.0,In-flight meal not included,10262
Vistara,2019-03-12,Mumbai,Hyderabad,08:45:00,22:55:00,850,1.0,No Info,12080
Multiple Carriers,2019-05-21,Delhi,Cochin,10:20:00,19:15:00,535,1.0,No Info,8266
Jet Airways,2019-06-24,Banglore,Delhi,15:15:00,18:10:00,175,0.0,In-flight meal not included,5769
Indigo,2019-03-09,Kolkata,Banglore,15:10:00,17:45:00,155,0.0,No Info,4462
Air India,2019-05-21,Banglore,Delhi,10:00:00,12:45:00,165,0.0,No Info,6961
Multiple Carriers,2019-05-27,Delhi,Cochin,03:50:00,19:00:00,910,1.0,No Info,10197
Air India,2019-05-24,Kolkata,Banglore,17:30:00,20:25:00,1615,1.0,No Info,10623
Spicejet,2019-05-15,Kolkata,Banglore,09:00:00,11:25:00,145,0.0,No check-in baggage included,3841
Indigo,2019-04-15,Banglore,Delhi,21:15:00,00:15:00,180,0.0,No Info,3943
Goair,2019-06-09,Delhi,Cochin,10:35:00,19:35:00,540,1.0,No Info,5281
Jet Airways,2019-03-21,Banglore,New Delhi,14:05:00,19:10:00,305,1.0,In-flight meal not included,7832
Air Asia,2019-03-24,Banglore,New Delhi,05:50:00,08:40:00,170,0.0,No Info,4284
Jet Airways,2019-05-24,Kolkata,Banglore,14:05:00,09:20:00,1155,1.0,No Info,14178
Air India,2019-06-06,Delhi,Cochin,17:15:00,19:15:00,1560,2.0,No Info,12777
Jet Airways,2019-06-12,Delhi,Cochin,20:00:00,19:00:00,1380,2.0,No Info,14300
Indigo,2019-03-15,Mumbai,Hyderabad,12:00:00,13:25:00,85,0.0,No Info,3175
Indigo,2019-06-18,Mumbai,Hyderabad,02:35:00,04:05:00,90,0.0,No Info,2754
Indigo,2019-06-24,Delhi,Cochin,20:25:00,01:30:00,305,1.0,No Info,5054
Air India,2019-03-06,Mumbai,Hyderabad,05:30:00,22:00:00,990,2.0,No Info,9678
Vistara,2019-05-24,Kolkata,Banglore,20:20:00,20:20:00,1440,1.0,No Info,9345
Air India,2019-03-03,Delhi,Cochin,21:30:00,19:15:00,1305,2.0,No Info,12287
Indigo,2019-03-06,Kolkata,Banglore,15:10:00,17:45:00,155,0.0,No Info,5618
Jet Airways,2019-03-06,Banglore,New Delhi,08:00:00,23:00:00,900,1.0,No Info,16736
Jet Airways,2019-06-18,Mumbai,Hyderabad,02:55:00,04:20:00,85,0.0,No Info,5678
Jet Airways,2019-05-21,Kolkata,Banglore,06:30:00,12:00:00,330,1.0,No Info,14388
Air India,2019-03-21,Delhi,Cochin,17:15:00,07:40:00,865,2.0,No Info,8052
Multiple Carriers,2019-05-21,Delhi,Cochin,18:00:00,01:30:00,450,1.0,No Info,7888
Multiple Carriers,2019-05-21,Delhi,Cochin,07:05:00,19:15:00,730,1.0,In-flight meal not included,10711
Jet Airways,2019-06-15,Delhi,Cochin,09:40:00,19:00:00,560,2.0,In-flight meal not included,10368
Multiple Carriers,2019-03-27,Delhi,Cochin,04:00:00,13:20:00,560,1.0,No Info,6305
Air India,2019-03-01,Banglore,New Delhi,00:30:00,20:30:00,1200,1.0,1 Long layover,14752
Jet Airways,2019-05-06,Kolkata,Banglore,20:00:00,10:05:00,845,1.0,In-flight meal not included,9663
Jet Airways,2019-06-03,Delhi,Cochin,14:00:00,12:35:00,1355,1.0,In-flight meal not included,10262
Air India,2019-05-06,Kolkata,Banglore,09:25:00,15:05:00,1780,2.0,No Info,11542
Jet Airways,2019-03-21,Banglore,New Delhi,11:40:00,12:15:00,1475,1.0,In-flight meal not included,7832
Indigo,2019-03-27,Delhi,Cochin,20:30:00,01:35:00,305,1.0,No Info,5073
Jet Airways,2019-04-09,Banglore,Delhi,18:55:00,22:00:00,185,0.0,No Info,7229
Jet Airways,2019-05-24,Kolkata,Banglore,20:00:00,12:00:00,960,1.0,No Info,14571
Spicejet,2019-03-27,Kolkata,Banglore,22:20:00,00:40:00,140,0.0,No Info,3847
Air India,2019-06-27,Delhi,Cochin,17:40:00,23:00:00,320,1.0,No Info,7174
Jet Airways,2019-06-12,Kolkata,Banglore,18:55:00,10:05:00,910,1.0,In-flight meal not included,8529
Indigo,2019-03-24,Banglore,New Delhi,22:20:00,01:10:00,170,0.0,No Info,4377
Spicejet,2019-05-06,Mumbai,Hyderabad,05:45:00,07:15:00,90,0.0,No Info,2017
Jet Airways,2019-04-01,Banglore,Delhi,07:10:00,10:10:00,180,0.0,No Info,7229
Multiple Carriers,2019-03-06,Delhi,Cochin,10:00:00,18:50:00,530,1.0,No Info,16497
Air India,2019-05-06,Kolkata,Banglore,05:50:00,08:55:00,1625,2.0,No Info,10991
Multiple Carriers,2019-03-21,Delhi,Cochin,07:30:00,19:15:00,705,1.0,No Info,10161
Multiple Carriers,2019-05-27,Delhi,Cochin,09:00:00,19:15:00,615,1.0,In-flight meal not included,10197
Air India,2019-03-06,Delhi,Cochin,05:55:00,07:40:00,1545,2.0,No Info,15428
Jet Airways,2019-03-06,Banglore,New Delhi,08:55:00,09:30:00,1475,1.0,No Info,17261
Jet Airways,2019-05-09,Kolkata,Banglore,21:10:00,04:40:00,450,1.0,No Info,14388
Air India,2019-04-01,Kolkata,Banglore,09:50:00,21:05:00,675,1.0,No Info,8030
Indigo,2019-06-15,Chennai,Kolkata,15:40:00,18:25:00,165,0.0,No Info,3540
Jet Airways,2019-03-06,Delhi,Cochin,18:15:00,19:45:00,1530,1.0,No Info,17024
Air India,2019-03-03,Mumbai,Hyderabad,06:20:00,07:40:00,80,0.0,No Info,4937
Jet Airways,2019-05-21,Delhi,Cochin,13:00:00,04:25:00,925,1.0,In-flight meal not included,12898
Jet Airways,2019-06-09,Kolkata,Banglore,20:00:00,22:35:00,1595,1.0,In-flight meal not included,10844
Indigo,2019-06-01,Mumbai,Hyderabad,02:35:00,04:05:00,90,0.0,No Info,3175
Air India,2019-05-21,Delhi,Cochin,05:55:00,07:40:00,1545,2.0,No Info,11543
Jet Airways,2019-03-01,Banglore,New Delhi,08:00:00,18:25:00,625,1.0,No Info,26890
Jet Airways,2019-05-06,Banglore,Delhi,17:45:00,20:45:00,180,0.0,No Info,7229
Air India,2019-06-09,Delhi,Cochin,18:05:00,21:10:00,185,0.0,No Info,8456
Air India,2019-05-01,Kolkata,Banglore,12:00:00,11:10:00,1390,2.0,No Info,11148
Air India,2019-05-09,Kolkata,Banglore,20:45:00,23:20:00,155,0.0,No Info,4145
Jet Airways,2019-05-24,Kolkata,Banglore,14:05:00,22:35:00,510,1.0,No Info,14571
Jet Airways,2019-04-01,Delhi,Cochin,16:00:00,12:35:00,1235,1.0,In-flight meal not included,5406
Air India,2019-05-21,Mumbai,Hyderabad,15:00:00,16:25:00,85,0.0,No Info,3100
Indigo,2019-04-15,Delhi,Cochin,14:25:00,17:40:00,195,0.0,No Info,6015
Indigo,2019-06-12,Delhi,Cochin,02:00:00,07:45:00,345,1.0,No Info,6386
Indigo,2019-05-18,Delhi,Cochin,16:00:00,21:00:00,300,1.0,No Info,6069
Multiple Carriers,2019-06-27,Delhi,Cochin,09:45:00,22:30:00,765,1.0,No Info,9646
Indigo,2019-05-27,Kolkata,Banglore,14:25:00,16:55:00,150,0.0,No Info,5224
Vistara,2019-03-01,Banglore,New Delhi,07:00:00,09:40:00,160,0.0,No Info,21520
Multiple Carriers,2019-05-18,Delhi,Cochin,07:10:00,22:30:00,920,1.0,No Info,7740
Multiple Carriers,2019-03-27,Delhi,Cochin,07:05:00,15:30:00,505,1.0,No Info,12537
Air India,2019-05-18,Kolkata,Banglore,08:20:00,07:55:00,1415,2.0,No Info,10697
Indigo,2019-06-09,Delhi,Cochin,15:00:00,01:30:00,630,1.0,No Info,6316
Air India,2019-05-15,Kolkata,Banglore,09:25:00,13:45:00,1700,2.0,No Info,15532
Indigo,2019-04-06,Kolkata,Banglore,09:35:00,12:20:00,165,0.0,No Info,4174
Indigo,2019-03-24,Banglore,New Delhi,08:30:00,11:30:00,180,0.0,No Info,7303
Spicejet,2019-04-01,Kolkata,Banglore,15:55:00,21:25:00,330,1.0,No Info,7646
Indigo,2019-05-27,Delhi,Cochin,05:05:00,16:10:00,665,1.0,No Info,6600
Jet Airways,2019-05-15,Kolkata,Banglore,18:55:00,08:15:00,800,1.0,In-flight meal not included,9663
Multiple Carriers,2019-06-09,Delhi,Cochin,09:00:00,21:00:00,720,1.0,No Info,13587
Indigo,2019-06-03,Delhi,Cochin,06:50:00,16:10:00,560,1.0,No Info,7514
Jet Airways,2019-05-12,Kolkata,Banglore,20:25:00,21:05:00,1480,1.0,No Info,12121
Jet Airways,2019-05-12,Kolkata,Banglore,20:00:00,04:40:00,520,1.0,In-flight meal not included,8586
Indigo,2019-05-18,Kolkata,Banglore,19:20:00,23:45:00,265,1.0,No Info,3717
Jet Airways,2019-06-27,Delhi,Cochin,09:35:00,12:35:00,1620,2.0,No Info,13292
Jet Airways,2019-03-06,Delhi,Cochin,08:00:00,04:25:00,1225,1.0,No Info,15974
Jet Airways,2019-05-24,Kolkata,Banglore,14:05:00,16:20:00,1575,1.0,In-flight meal not included,10844
Jet Airways,2019-05-18,Kolkata,Banglore,18:55:00,12:00:00,1025,1.0,In-flight meal not included,10844
Indigo,2019-05-21,Delhi,Cochin,23:30:00,04:35:00,305,1.0,No Info,8745
Indigo,2019-04-09,Kolkata,Banglore,22:15:00,00:50:00,155,0.0,No Info,4174
Air Asia,2019-05-21,Banglore,Delhi,23:55:00,02:45:00,170,0.0,No Info,3383
Jet Airways,2019-06-27,Mumbai,Hyderabad,19:35:00,21:05:00,90,0.0,No Info,5678
Jet Airways,2019-06-01,Delhi,Cochin,14:35:00,04:25:00,830,2.0,No Info,13376
Air India,2019-06-09,Delhi,Cochin,19:45:00,19:15:00,1410,2.0,No Info,9968
Air Asia,2019-04-21,Delhi,Cochin,07:55:00,22:25:00,870,1.0,No Info,7452
Jet Airways,2019-03-18,Banglore,New Delhi,11:40:00,19:10:00,450,1.0,No Info,14815
Jet Airways,2019-05-18,Banglore,Delhi,06:00:00,08:45:00,165,0.0,No Info,7229
Indigo,2019-03-15,Mumbai,Hyderabad,06:20:00,07:45:00,85,0.0,No Info,3342
Jet Airways,2019-03-27,Delhi,Cochin,20:50:00,19:45:00,1375,1.0,No Info,12032
Vistara,2019-05-12,Banglore,Delhi,17:00:00,19:35:00,155,0.0,No Info,4878
Jet Airways,2019-05-12,Kolkata,Banglore,18:55:00,18:15:00,1400,1.0,In-flight meal not included,10844
Air India,2019-06-09,Delhi,Cochin,12:55:00,19:15:00,1820,2.0,No Info,12436
Indigo,2019-06-01,Chennai,Kolkata,05:15:00,07:40:00,145,0.0,No Info,3540
Air India,2019-06-12,Kolkata,Banglore,05:50:00,20:25:00,875,2.0,No Info,12723
Vistara,2019-05-01,Kolkata,Banglore,17:00:00,09:05:00,965,1.0,No Info,8452
Goair,2019-06-09,Delhi,Cochin,07:30:00,13:35:00,365,1.0,No Info,6276
Spicejet,2019-06-15,Mumbai,Hyderabad,13:15:00,14:45:00,90,0.0,No Info,2017
Jet Airways,2019-05-18,Kolkata,Banglore,17:00:00,19:10:00,1570,1.0,No Info,14151
Jet Airways,2019-04-15,Banglore,Delhi,07:10:00,10:10:00,180,0.0,No Info,7229
Air India,2019-06-06,Kolkata,Banglore,08:20:00,07:55:00,1415,2.0,No Info,10697
Jet Airways,2019-05-21,Delhi,Cochin,05:30:00,04:25:00,1375,2.0,No Info,15129
Air India,2019-06-15,Mumbai,Hyderabad,19:30:00,20:45:00,75,0.0,No Info,3100
Multiple Carriers,2019-06-27,Delhi,Cochin,14:00:00,01:30:00,690,1.0,No Info,13377
Air India,2019-06-24,Delhi,Cochin,12:30:00,09:25:00,1255,1.0,No Info,7480
Spicejet,2019-06-12,Banglore,Delhi,05:55:00,08:35:00,160,0.0,No Info,4423
Spicejet,2019-05-18,Kolkata,Banglore,17:10:00,19:40:00,150,0.0,No Info,4174
Spicejet,2019-03-24,Banglore,New Delhi,20:30:00,23:20:00,170,0.0,No check-in baggage included,3873
Multiple Carriers,2019-06-15,Delhi,Cochin,16:00:00,01:30:00,570,1.0,In-flight meal not included,10196
Air India,2019-05-18,Kolkata,Banglore,16:50:00,05:35:00,765,2.0,No Info,11642
Air India,2019-04-27,Delhi,Cochin,18:05:00,21:10:00,185,0.0,No Info,5411
Air India,2019-05-01,Kolkata,Banglore,14:35:00,14:35:00,1440,1.0,No Info,7001
Spicejet,2019-05-18,Mumbai,Hyderabad,13:15:00,14:45:00,90,0.0,No Info,2227
Indigo,2019-06-27,Delhi,Cochin,06:50:00,16:10:00,560,1.0,No Info,6442
Vistara,2019-05-12,Banglore,Delhi,11:30:00,14:20:00,170,0.0,No Info,4668
Air Asia,2019-03-24,Banglore,New Delhi,23:25:00,02:10:00,165,0.0,No Info,4482
Jet Airways,2019-06-21,Banglore,Delhi,11:10:00,14:05:00,175,0.0,In-flight meal not included,5769
Jet Airways,2019-06-03,Delhi,Cochin,21:50:00,04:25:00,395,1.0,In-flight meal not included,12898
Air India,2019-05-27,Banglore,Delhi,17:00:00,19:45:00,165,0.0,No Info,6961
Jet Airways,2019-05-27,Delhi,Cochin,19:10:00,19:00:00,1430,2.0,No Info,15129
Spicejet,2019-06-24,Kolkata,Banglore,17:10:00,19:40:00,150,0.0,No Info,3873
Multiple Carriers,2019-05-15,Delhi,Cochin,10:35:00,19:00:00,505,1.0,No Info,9103
Air India,2019-05-06,Banglore,Delhi,10:00:00,12:45:00,165,0.0,No Info,5228
Air India,2019-06-06,Delhi,Cochin,18:45:00,19:15:00,1470,2.0,No Info,13465
Jet Airways,2019-03-18,Banglore,New Delhi,22:50:00,08:15:00,565,1.0,In-flight meal not included,11087
Indigo,2019-06-27,Kolkata,Banglore,17:15:00,19:50:00,155,0.0,No Info,4804
Indigo,2019-04-01,Kolkata,Banglore,17:35:00,22:15:00,280,1.0,No Info,5699
Air India,2019-03-09,Delhi,Cochin,08:40:00,19:15:00,635,1.0,No Info,18959
Indigo,2019-05-15,Delhi,Cochin,16:00:00,01:30:00,570,1.0,No Info,7923
Air India,2019-06-24,Delhi,Cochin,13:15:00,07:40:00,1105,2.0,No Info,12497
Air India,2019-03-24,Kolkata,Banglore,20:30:00,12:30:00,960,1.0,No Info,12173
Jet Airways,2019-05-21,Delhi,Cochin,19:30:00,12:35:00,1025,2.0,In-flight meal not included,13029
Spicejet,2019-04-12,Kolkata,Banglore,09:00:00,11:25:00,145,0.0,No check-in baggage included,3841
Multiple Carriers,2019-05-06,Delhi,Cochin,19:00:00,01:30:00,390,1.0,No Info,8073
Air Asia,2019-03-24,Kolkata,Banglore,19:55:00,23:30:00,215,1.0,No Info,5554
Air India,2019-06-27,Delhi,Cochin,12:00:00,07:40:00,1180,2.0,No Info,9653
Air India,2019-05-01,Kolkata,Banglore,12:00:00,07:55:00,1195,2.0,No Info,10151
Jet Airways,2019-05-18,Kolkata,Banglore,20:00:00,18:15:00,1335,1.0,In-flight meal not included,10844
Spicejet,2019-03-21,Kolkata,Banglore,09:00:00,11:30:00,150,0.0,No Info,4148
Multiple Carriers,2019-03-06,Delhi,Cochin,09:45:00,22:20:00,755,1.0,No Info,10276
Jet Airways,2019-06-06,Kolkata,Banglore,09:35:00,14:25:00,1730,1.0,In-flight meal not included,10539
Indigo,2019-06-06,Banglore,Delhi,08:30:00,11:20:00,170,0.0,No Info,4823
Indigo,2019-03-03,Kolkata,Banglore,05:30:00,08:20:00,170,0.0,No Info,4778
Vistara,2019-03-15,Delhi,Cochin,14:55:00,17:50:00,175,0.0,No Info,6688
Multiple Carriers,2019-05-18,Delhi,Cochin,08:30:00,19:15:00,645,1.0,No Info,7887
Vistara,2019-05-24,Kolkata,Banglore,07:10:00,22:40:00,930,1.0,No Info,9397
Jet Airways,2019-05-12,Kolkata,Banglore,08:25:00,09:20:00,1495,1.0,In-flight meal not included,9663
Jet Airways,2019-06-12,Kolkata,Banglore,16:30:00,04:40:00,730,1.0,In-flight meal not included,6224
Multiple Carriers,2019-03-03,Delhi,Cochin,08:25:00,18:50:00,625,1.0,No Info,15135
Jet Airways,2019-03-24,Kolkata,Banglore,16:55:00,19:40:00,1605,1.0,In-flight meal not included,11134
Air India,2019-06-27,Delhi,Cochin,05:55:00,19:15:00,800,2.0,No Info,11386
Jet Airways,2019-06-03,Mumbai,Hyderabad,19:35:00,21:05:00,90,0.0,No Info,5678
Jet Airways,2019-03-09,Delhi,Cochin,20:50:00,18:50:00,1320,1.0,No Info,16289
Air India,2019-05-21,Kolkata,Banglore,12:00:00,21:50:00,590,2.0,No Info,10151
Spicejet,2019-05-15,Banglore,Delhi,21:10:00,00:05:00,175,0.0,No check-in baggage included,3573
Indigo,2019-03-09,Banglore,New Delhi,18:55:00,21:45:00,170,0.0,No Info,6860
Indigo,2019-04-21,Kolkata,Banglore,04:40:00,07:15:00,155,0.0,No Info,4804
Indigo,2019-06-27,Chennai,Kolkata,19:35:00,21:55:00,140,0.0,No Info,3597
Air India,2019-04-01,Kolkata,Banglore,07:00:00,05:25:00,1345,2.0,No Info,12219
Multiple Carriers,2019-03-03,Delhi,Cochin,08:00:00,15:30:00,450,1.0,No Info,17057
Indigo,2019-04-27,Delhi,Cochin,05:05:00,12:10:00,425,1.0,No Info,7160
Air India,2019-06-06,Kolkata,Banglore,16:50:00,11:10:00,1100,1.0,No Info,8366
Jet Airways,2019-03-01,Banglore,New Delhi,16:55:00,09:00:00,965,1.0,1 Long layover,25735
Multiple Carriers,2019-06-06,Delhi,Cochin,08:30:00,19:15:00,645,1.0,No Info,7677
Multiple Carriers,2019-03-06,Delhi,Cochin,11:30:00,19:15:00,465,1.0,No Info,15077
Air India,2019-03-09,Banglore,New Delhi,21:10:00,23:55:00,165,0.0,No Info,4966
Jet Airways,2019-06-09,Delhi,Cochin,13:00:00,19:00:00,360,1.0,In-flight meal not included,10262
Indigo,2019-04-24,Kolkata,Banglore,15:15:00,17:45:00,150,0.0,No Info,4804
Indigo,2019-04-24,Delhi,Cochin,02:00:00,07:25:00,325,1.0,No Info,5636
Air Asia,2019-04-03,Banglore,Delhi,04:55:00,07:45:00,170,0.0,No Info,4282
Multiple Carriers,2019-03-21,Delhi,Cochin,07:30:00,18:50:00,680,1.0,No Info,14629
Jet Airways,2019-04-01,Kolkata,Banglore,18:55:00,04:40:00,585,1.0,In-flight meal not included,7064
Vistara,2019-03-06,Mumbai,Hyderabad,15:40:00,16:45:00,1505,1.0,No Info,12395
Spicejet,2019-06-27,Kolkata,Banglore,06:55:00,09:30:00,155,0.0,No Info,3873
Spicejet,2019-06-06,Chennai,Kolkata,17:45:00,20:05:00,140,0.0,No check-in baggage included,3543
Goair,2019-06-18,Banglore,Delhi,20:55:00,23:40:00,165,0.0,No Info,3419
Jet Airways,2019-05-01,Kolkata,Banglore,09:35:00,19:10:00,575,1.0,In-flight meal not included,9314
Vistara,2019-05-12,Kolkata,Banglore,07:10:00,22:40:00,930,1.0,No Info,8662
Spicejet,2019-05-01,Kolkata,Banglore,06:55:00,09:30:00,155,0.0,No check-in baggage included,3841
Air India,2019-03-01,Banglore,New Delhi,17:00:00,22:55:00,1795,2.0,No Info,14887
Spicejet,2019-05-09,Kolkata,Banglore,08:35:00,17:15:00,520,1.0,No Info,6171
Vistara,2019-06-12,Banglore,Delhi,17:00:00,19:35:00,155,0.0,No Info,4878
Vistara,2019-04-01,Kolkata,Banglore,20:20:00,18:50:00,1350,1.0,No Info,7927
Indigo,2019-06-24,Mumbai,Hyderabad,09:10:00,10:40:00,90,0.0,No Info,4049
Jet Airways,2019-03-18,Mumbai,Hyderabad,02:55:00,04:25:00,90,0.0,In-flight meal not included,2228
Multiple Carriers,2019-03-06,Delhi,Cochin,13:55:00,01:35:00,700,1.0,In-flight meal not included,15136
Air India,2019-03-21,Banglore,New Delhi,11:50:00,13:00:00,1510,1.0,No Info,5092
Vistara,2019-06-03,Banglore,Delhi,07:00:00,09:40:00,160,0.0,No Info,4668
Jet Airways,2019-03-21,Delhi,Cochin,19:15:00,04:25:00,550,1.0,No Info,12557
Jet Airways,2019-05-12,Kolkata,Banglore,06:30:00,19:50:00,800,1.0,No Info,13941
Jet Airways,2019-05-18,Kolkata,Banglore,14:05:00,22:35:00,510,1.0,In-flight meal not included,10844
Jet Airways,2019-05-03,Banglore,Delhi,06:00:00,08:45:00,165,0.0,No Info,7229
Jet Airways,2019-06-09,Delhi,Cochin,20:55:00,04:25:00,450,1.0,In-flight meal not included,10577
Air India,2019-05-18,Delhi,Cochin,10:55:00,07:40:00,1245,2.0,No Info,13486
Jet Airways,2019-03-06,Banglore,New Delhi,14:05:00,05:05:00,900,1.0,No Info,14815
Jet Airways,2019-03-01,Banglore,New Delhi,07:00:00,21:20:00,860,1.0,No Info,27992
Indigo,2019-05-24,Kolkata,Banglore,11:30:00,14:05:00,155,0.0,No Info,5224
Jet Airways,2019-05-18,Kolkata,Banglore,08:25:00,20:45:00,740,1.0,In-flight meal not included,10844
Indigo,2019-03-03,Chennai,Kolkata,22:05:00,00:25:00,140,0.0,No Info,5277
Jet Airways,2019-03-24,Kolkata,Banglore,21:10:00,10:05:00,775,1.0,In-flight meal not included,12446
Air India,2019-05-21,Kolkata,Banglore,10:00:00,01:20:00,920,2.0,No Info,13033
Indigo,2019-05-06,Chennai,Kolkata,07:55:00,10:15:00,140,0.0,No Info,3850
Jet Airways,2019-03-18,Banglore,New Delhi,22:50:00,09:00:00,610,1.0,In-flight meal not included,11087
Jet Airways,2019-05-18,Kolkata,Banglore,14:05:00,23:35:00,570,1.0,In-flight meal not included,10844
Indigo,2019-04-27,Banglore,Delhi,04:00:00,06:50:00,170,0.0,No Info,4423
Vistara,2019-03-03,Banglore,New Delhi,11:30:00,14:10:00,160,0.0,No Info,8028
Goair,2019-06-03,Delhi,Cochin,07:00:00,12:55:00,355,1.0,No Info,4959
Indigo,2019-03-21,Kolkata,Banglore,17:15:00,19:55:00,160,0.0,No Info,4148
Indigo,2019-05-15,Delhi,Cochin,06:50:00,16:10:00,560,1.0,No Info,6442
Spicejet,2019-06-27,Chennai,Kolkata,17:45:00,20:05:00,140,0.0,No check-in baggage included,3543
Multiple Carriers,2019-03-21,Delhi,Cochin,07:05:00,13:20:00,375,1.0,No Info,14486
Vistara,2019-05-24,Banglore,Delhi,19:30:00,22:15:00,165,0.0,No Info,5823
Jet Airways,2019-05-06,Banglore,Delhi,06:00:00,08:45:00,165,0.0,No Info,7229
Jet Airways,2019-03-27,Mumbai,Hyderabad,19:35:00,21:05:00,90,0.0,In-flight meal not included,2071
Spicejet,2019-06-06,Kolkata,Banglore,15:05:00,20:20:00,315,1.0,No Info,4649
Jet Airways,2019-06-12,Delhi,Cochin,21:50:00,04:25:00,395,1.0,In-flight meal not included,10262
Indigo,2019-03-21,Mumbai,Hyderabad,12:00:00,13:25:00,85,0.0,No Info,3342
Jet Airways,2019-05-01,Kolkata,Banglore,16:30:00,08:15:00,945,1.0,No Info,13941
Multiple Carriers,2019-03-06,Delhi,Cochin,07:30:00,15:30:00,480,1.0,No Info,15147
Jet Airways,2019-05-24,Kolkata,Banglore,18:55:00,12:00:00,1025,1.0,In-flight meal not included,10844
Indigo,2019-04-27,Banglore,Delhi,23:30:00,02:20:00,170,0.0,No Info,3943
Indigo,2019-06-09,Kolkata,Banglore,19:20:00,23:45:00,265,1.0,No Info,4205
Air Asia,2019-04-24,Delhi,Cochin,16:45:00,22:25:00,340,1.0,No Info,6152
Jet Airways,2019-06-03,Delhi,Cochin,09:35:00,12:35:00,1620,2.0,In-flight meal not included,11507
Air India,2019-06-24,Delhi,Cochin,10:55:00,07:40:00,1245,2.0,No Info,11753
Jet Airways,2019-05-27,Delhi,Cochin,11:30:00,12:35:00,1505,1.0,In-flight meal not included,12898
Air India,2019-03-18,Banglore,New Delhi,17:25:00,10:35:00,1030,2.0,No Info,12568
Air India,2019-06-09,Kolkata,Banglore,09:50:00,21:05:00,675,1.0,No Info,7662
Multiple Carriers,2019-05-15,Delhi,Cochin,09:00:00,21:00:00,720,1.0,No Info,8073
Goair,2019-04-15,Delhi,Cochin,10:35:00,19:35:00,540,1.0,No Info,5752
Jet Airways,2019-06-06,Kolkata,Banglore,09:35:00,19:10:00,575,1.0,In-flight meal not included,13469
Indigo,2019-05-18,Delhi,Cochin,11:55:00,22:30:00,635,1.0,No Info,8216
Spicejet,2019-05-09,Mumbai,Hyderabad,22:45:00,00:15:00,90,0.0,No Info,2017
Jet Airways,2019-05-15,Kolkata,Banglore,09:35:00,18:00:00,505,1.0,No Info,13067
Jet Airways,2019-05-27,Delhi,Cochin,20:55:00,04:25:00,450,1.0,No Info,16079
Goair,2019-04-21,Delhi,Cochin,07:00:00,12:55:00,355,1.0,No Info,6591
Jet Airways,2019-04-03,Banglore,Delhi,19:50:00,22:50:00,180,0.0,In-flight meal not included,4544
Multiple Carriers,2019-06-27,Delhi,Cochin,06:00:00,19:15:00,795,1.0,In-flight meal not included,7268
Spicejet,2019-03-18,Kolkata,Banglore,22:20:00,00:40:00,140,0.0,No Info,3847
Spicejet,2019-05-01,Kolkata,Banglore,09:00:00,11:25:00,145,0.0,No check-in baggage included,3841
Vistara,2019-03-03,Chennai,Kolkata,07:05:00,09:20:00,135,0.0,No Info,5944
Jet Airways,2019-06-06,Delhi,Cochin,15:00:00,19:00:00,1680,1.0,In-flight meal not included,10262
Jet Airways,2019-03-06,Banglore,New Delhi,14:05:00,08:15:00,1090,1.0,No Info,14815
Multiple Carriers,2019-05-27,Delhi,Cochin,10:20:00,21:00:00,640,1.0,No Info,7005
Jet Airways,2019-05-18,Kolkata,Banglore,14:05:00,22:35:00,510,1.0,No Info,14781
Multiple Carriers,2019-03-21,Delhi,Cochin,09:10:00,18:50:00,580,1.0,No Info,13069
Indigo,2019-04-27,Banglore,Delhi,20:00:00,22:50:00,170,0.0,No Info,4823
Indigo,2019-05-03,Chennai,Kolkata,22:05:00,00:25:00,140,0.0,No Info,5277
Indigo,2019-06-24,Chennai,Kolkata,19:35:00,21:55:00,140,0.0,No Info,3597
Jet Airways,2019-06-01,Delhi,Cochin,11:00:00,14:15:00,195,0.0,In-flight meal not included,7202
Air India,2019-06-09,Delhi,Cochin,21:00:00,19:15:00,1335,1.0,No Info,8372
Jet Airways,2019-05-21,Delhi,Cochin,11:30:00,19:00:00,450,1.0,No Info,16079
Spicejet,2019-03-03,Kolkata,Banglore,06:55:00,09:35:00,160,0.0,No Info,4622
Jet Airways,2019-03-06,Banglore,New Delhi,14:05:00,21:20:00,435,1.0,No Info,19225
Indigo,2019-03-15,Mumbai,Hyderabad,20:05:00,21:35:00,90,0.0,No Info,2754
Indigo,2019-03-24,Banglore,New Delhi,23:30:00,02:20:00,170,0.0,No Info,4944
Air India,2019-06-03,Banglore,Delhi,21:05:00,23:55:00,170,0.0,No Info,6961
Indigo,2019-06-12,Banglore,Delhi,07:10:00,10:05:00,175,0.0,No Info,4823
Multiple Carriers,2019-05-09,Delhi,Cochin,04:55:00,19:00:00,845,1.0,No Info,9103
Jet Airways,2019-03-01,Banglore,New Delhi,05:45:00,19:10:00,805,1.0,No Info,27992
Multiple Carriers,2019-06-12,Delhi,Cochin,06:00:00,19:00:00,780,1.0,No Info,11789
Indigo,2019-06-15,Kolkata,Banglore,17:15:00,19:50:00,155,0.0,No Info,4804
Jet Airways,2019-06-12,Kolkata,Banglore,08:25:00,18:15:00,590,1.0,No Info,13626
Air India,2019-06-06,Kolkata,Banglore,10:00:00,05:25:00,1165,2.0,No Info,12009
Air India,2019-03-24,Kolkata,Banglore,20:30:00,20:25:00,1435,1.0,No Info,12173
Vistara,2019-05-06,Chennai,Kolkata,17:45:00,20:05:00,140,0.0,No Info,11982
Spicejet,2019-04-09,Delhi,Cochin,06:05:00,11:20:00,315,1.0,No Info,5351
Multiple Carriers,2019-06-03,Delhi,Cochin,10:35:00,19:00:00,505,1.0,No Info,10877
Indigo,2019-04-15,Kolkata,Banglore,06:20:00,10:30:00,250,1.0,No Info,4226
Jet Airways,2019-06-03,Banglore,Delhi,17:45:00,20:45:00,180,0.0,No Info,8016
Air India,2019-06-06,Delhi,Cochin,13:15:00,09:25:00,1210,2.0,No Info,10939
Air India,2019-06-24,Delhi,Cochin,09:00:00,19:15:00,615,1.0,No Info,9404
Jet Airways,2019-03-01,Banglore,New Delhi,22:50:00,09:30:00,640,1.0,1 Long layover,31825
Indigo,2019-06-21,Chennai,Kolkata,22:05:00,00:25:00,140,0.0,No Info,5277
Jet Airways,2019-03-03,Delhi,Cochin,23:05:00,18:50:00,1185,1.0,No Info,18253
Jet Airways,2019-06-01,Mumbai,Hyderabad,19:35:00,21:05:00,90,0.0,In-flight meal not included,3210
Jet Airways,2019-03-24,Mumbai,Hyderabad,02:55:00,04:25:00,90,0.0,No Info,5678
Air India,2019-03-01,Banglore,New Delhi,08:50:00,09:25:00,1475,2.0,No Info,25430
Indigo,2019-03-24,Banglore,New Delhi,06:00:00,08:45:00,165,0.0,No Info,4777
Jet Airways,2019-06-03,Delhi,Cochin,19:45:00,12:35:00,1010,1.0,No Info,14714
Multiple Carriers,2019-06-24,Delhi,Cochin,07:05:00,16:10:00,545,1.0,No Info,9856
Multiple Carriers,2019-06-09,Delhi,Cochin,12:50:00,01:30:00,760,1.0,No Info,6795
Jet Airways,2019-05-01,Kolkata,Banglore,20:00:00,04:40:00,520,1.0,In-flight meal not included,8586
Air India,2019-05-09,Kolkata,Banglore,16:50:00,13:45:00,1255,2.0,No Info,12592
Air India,2019-06-03,Delhi,Cochin,20:15:00,19:15:00,1380,2.0,No Info,13381
Jet Airways,2019-05-12,Kolkata,Banglore,16:30:00,23:35:00,425,1.0,In-flight meal not included,10844
Jet Airways,2019-06-15,Banglore,Delhi,15:15:00,18:10:00,175,0.0,In-flight meal not included,7229
Air India,2019-05-01,Kolkata,Banglore,05:50:00,12:30:00,1840,2.0,No Info,12723
Jet Airways,2019-06-06,Delhi,Cochin,22:50:00,19:00:00,1210,1.0,No Info,14714
Indigo,2019-03-06,Delhi,Cochin,07:30:00,13:20:00,350,1.0,No Info,13628
Jet Airways,2019-05-06,Kolkata,Banglore,18:55:00,08:15:00,800,1.0,In-flight meal not included,7757
Jet Airways,2019-06-01,Delhi,Cochin,09:40:00,12:35:00,1615,2.0,No Info,13014
Multiple Carriers,2019-05-21,Delhi,Cochin,08:00:00,19:00:00,660,1.0,No Info,10197
Multiple Carriers,2019-03-03,Delhi,Cochin,02:15:00,15:30:00,795,1.0,No Info,17057
Air India,2019-05-18,Kolkata,Banglore,05:50:00,08:55:00,1625,2.0,No Info,12723
Jet Airways,2019-05-15,Banglore,Delhi,06:00:00,08:45:00,165,0.0,In-flight meal not included,4030
Indigo,2019-04-27,Kolkata,Banglore,09:35:00,12:20:00,165,0.0,No Info,4804
Air India,2019-05-15,Kolkata,Banglore,05:50:00,08:55:00,1625,2.0,No Info,12723
Indigo,2019-04-15,Kolkata,Banglore,17:15:00,19:50:00,155,0.0,No Info,4174
Indigo,2019-04-12,Banglore,Delhi,10:10:00,13:00:00,170,0.0,No Info,4591
Air India,2019-05-09,Kolkata,Banglore,07:00:00,20:25:00,805,1.0,No Info,10203
Jet Airways,2019-05-18,Delhi,Cochin,23:05:00,04:25:00,1760,2.0,No Info,16704
Multiple Carriers,2019-06-06,Delhi,Cochin,17:45:00,01:30:00,465,1.0,No Info,6795
Air India,2019-03-06,Delhi,Cochin,20:30:00,23:00:00,1590,1.0,No Info,8854
Spicejet,2019-06-03,Delhi,Cochin,06:05:00,11:20:00,315,1.0,No Info,5583
Air India,2019-04-09,Delhi,Cochin,05:10:00,08:00:00,170,0.0,No Info,4729
Jet Airways,2019-05-06,Kolkata,Banglore,10:20:00,17:35:00,435,1.0,No Info,9358
Air Asia,2019-05-24,Banglore,Delhi,11:10:00,13:55:00,165,0.0,No Info,3383
Multiple Carriers,2019-06-03,Delhi,Cochin,10:20:00,01:30:00,910,1.0,No Info,6795
Indigo,2019-03-21,Delhi,Cochin,09:10:00,01:35:00,985,1.0,No Info,8765
Air India,2019-05-15,Kolkata,Banglore,20:45:00,23:20:00,155,0.0,No Info,4145
Spicejet,2019-05-21,Chennai,Kolkata,17:45:00,20:05:00,140,0.0,No check-in baggage included,3543
Air India,2019-06-03,Banglore,Delhi,10:00:00,12:45:00,165,0.0,No Info,6961
Indigo,2019-05-21,Chennai,Kolkata,07:55:00,10:15:00,140,0.0,No Info,3850
Air India,2019-04-24,Banglore,Delhi,21:05:00,23:55:00,170,0.0,No Info,5228
Jet Airways,2019-06-12,Delhi,Cochin,19:30:00,12:35:00,1025,2.0,In-flight meal not included,10368
Multiple Carriers,2019-03-21,Delhi,Cochin,06:00:00,15:30:00,570,1.0,No Info,11269
Multiple Carriers,2019-05-18,Delhi,Cochin,07:00:00,19:00:00,720,1.0,No Info,10197
Jet Airways,2019-06-12,Kolkata,Banglore,10:20:00,17:35:00,435,1.0,No Info,8355
Indigo,2019-04-01,Banglore,Delhi,00:30:00,03:25:00,175,0.0,No Info,4423
Jet Airways,2019-03-24,Banglore,New Delhi,08:20:00,11:15:00,175,0.0,No Info,7229
Air India,2019-06-01,Delhi,Cochin,16:40:00,19:15:00,1595,2.0,No Info,9863
Multiple Carriers,2019-03-27,Delhi,Cochin,17:45:00,01:35:00,470,1.0,No Info,7845
Jet Airways,2019-05-06,Kolkata,Banglore,06:30:00,20:45:00,855,1.0,In-flight meal not included,9663
Multiple Carriers,2019-03-21,Delhi,Cochin,11:30:00,18:50:00,440,1.0,No Info,11622
Jet Airways,2019-03-09,Delhi,Cochin,19:45:00,18:50:00,1385,1.0,No Info,16289
Indigo,2019-05-15,Delhi,Cochin,08:30:00,21:00:00,750,1.0,No Info,7503
Jet Airways,2019-03-01,Mumbai,Hyderabad,10:20:00,11:50:00,90,0.0,No Info,10875
Indigo,2019-05-12,Chennai,Kolkata,19:35:00,21:55:00,140,0.0,No Info,3597
Jet Airways,2019-06-06,Delhi,Cochin,02:15:00,04:25:00,1570,1.0,In-flight meal not included,10262
Multiple Carriers,2019-06-15,Delhi,Cochin,09:00:00,21:00:00,720,1.0,No Info,13587
Multiple Carriers,2019-05-18,Delhi,Cochin,13:00:00,01:30:00,750,1.0,No Info,9385
Vistara,2019-06-24,Banglore,Delhi,21:00:00,23:50:00,170,0.0,No Info,4668
Multiple Carriers,2019-05-15,Delhi,Cochin,10:00:00,01:30:00,930,1.0,No Info,8073
Indigo,2019-05-27,Delhi,Cochin,06:40:00,21:00:00,860,1.0,No Info,6526
Indigo,2019-03-01,Banglore,New Delhi,08:30:00,11:30:00,180,0.0,No Info,10067
Air Asia,2019-06-18,Banglore,Delhi,23:55:00,02:45:00,170,0.0,No Info,3383
Jet Airways,2019-06-09,Banglore,Delhi,08:20:00,11:20:00,180,0.0,In-flight meal not included,7229
Air Asia,2019-04-27,Kolkata,Banglore,22:50:00,01:20:00,150,0.0,No Info,4409
Jet Airways,2019-04-06,Banglore,Delhi,08:20:00,11:20:00,180,0.0,In-flight meal not included,4544
Indigo,2019-05-06,Banglore,Delhi,21:15:00,00:15:00,180,0.0,No Info,3943
Jet Airways,2019-03-03,Delhi,Cochin,19:15:00,04:25:00,550,1.0,No Info,17234
Multiple Carriers,2019-05-27,Delhi,Cochin,19:00:00,01:30:00,390,1.0,No Info,7198
Indigo,2019-03-06,Delhi,Cochin,07:35:00,12:00:00,265,1.0,No Info,7725
Jet Airways,2019-03-18,Banglore,New Delhi,08:00:00,07:40:00,1420,1.0,No Info,12284
Jet Airways,2019-05-21,Mumbai,Hyderabad,10:20:00,11:50:00,90,0.0,In-flight meal not included,4995
Air India,2019-03-21,Delhi,Cochin,17:15:00,19:15:00,1560,2.0,No Info,8770
Air India,2019-06-06,Kolkata,Banglore,12:00:00,11:10:00,1390,2.0,No Info,9416
Jet Airways,2019-06-06,Delhi,Cochin,07:05:00,19:00:00,715,1.0,In-flight meal not included,10262
Vistara,2019-06-06,Kolkata,Banglore,07:10:00,10:45:00,1655,1.0,No Info,9187
Jet Airways,2019-06-03,Banglore,Delhi,08:20:00,11:20:00,180,0.0,In-flight meal not included,5769
Jet Airways,2019-06-09,Delhi,Cochin,07:05:00,12:35:00,330,1.0,In-flight meal not included,10262
Multiple Carriers,2019-03-03,Delhi,Cochin,04:00:00,15:30:00,690,1.0,No Info,14973
Jet Airways,2019-06-12,Delhi,Cochin,12:15:00,12:35:00,1460,2.0,No Info,14300
Air India,2019-06-09,Kolkata,Banglore,09:50:00,12:30:00,1600,2.0,No Info,14960
Jet Airways,2019-05-24,Kolkata,Banglore,20:00:00,20:45:00,1485,1.0,In-flight meal not included,10844
Air India,2019-05-24,Delhi,Cochin,14:10:00,17:10:00,180,0.0,No Info,6934
Multiple Carriers,2019-06-12,Delhi,Cochin,13:00:00,01:30:00,750,1.0,No Info,13377
Air India,2019-05-24,Kolkata,Banglore,09:10:00,11:05:00,1555,2.0,No Info,6117
Jet Airways,2019-05-01,Kolkata,Banglore,09:35:00,23:35:00,840,1.0,No Info,13067
Indigo,2019-03-09,Kolkata,Banglore,14:20:00,16:55:00,155,0.0,No Info,4148
Indigo,2019-06-18,Banglore,Delhi,18:25:00,21:20:00,175,0.0,No Info,4823
Indigo,2019-06-15,Chennai,Kolkata,05:15:00,07:40:00,145,0.0,No Info,3540
Jet Airways,2019-06-09,Kolkata,Banglore,18:55:00,12:00:00,1025,1.0,No Info,14571
Multiple Carriers,2019-05-09,Delhi,Cochin,07:10:00,16:10:00,540,1.0,No Info,6513
Indigo,2019-06-03,Delhi,Cochin,06:50:00,22:30:00,940,1.0,No Info,7514
Jet Airways,2019-04-09,Delhi,Cochin,05:30:00,19:00:00,810,2.0,No Info,10909
Air India,2019-03-01,Delhi,Cochin,23:00:00,19:15:00,1215,1.0,No Info,27430
Air India,2019-03-06,Delhi,Cochin,05:10:00,08:00:00,170,0.0,No Info,6881
Indigo,2019-04-03,Banglore,Delhi,01:30:00,04:15:00,165,0.0,No Info,3419
Jet Airways,2019-03-15,Banglore,New Delhi,14:05:00,08:15:00,1090,1.0,In-flight meal not included,9134
Indigo,2019-03-09,Delhi,Cochin,06:40:00,12:00:00,320,1.0,No Info,5647
Indigo,2019-06-24,Kolkata,Banglore,14:25:00,16:55:00,150,0.0,No Info,4804
Indigo,2019-06-06,Kolkata,Banglore,17:15:00,19:50:00,155,0.0,No Info,4804
Spicejet,2019-06-09,Kolkata,Banglore,17:10:00,19:40:00,150,0.0,No Info,4174
Jet Airways,2019-05-27,Delhi,Cochin,14:00:00,19:00:00,300,1.0,In-flight meal not included,12898
Jet Airways,2019-03-18,Banglore,New Delhi,08:55:00,15:15:00,380,1.0,No Info,12284
Air Asia,2019-04-27,Delhi,Cochin,20:45:00,07:10:00,625,1.0,No Info,6451
Air India,2019-06-06,Mumbai,Hyderabad,21:05:00,22:25:00,80,0.0,No Info,3100
Jet Airways,2019-03-06,Banglore,New Delhi,11:40:00,00:45:00,785,1.0,No Info,14815
Multiple Carriers,2019-03-21,Delhi,Cochin,18:00:00,01:35:00,455,1.0,No Info,7363
Indigo,2019-06-06,Delhi,Cochin,05:05:00,16:10:00,665,1.0,No Info,6818
Jet Airways,2019-03-24,Kolkata,Banglore,19:45:00,12:00:00,975,1.0,In-flight meal not included,11134
Jet Airways,2019-06-27,Banglore,Delhi,18:55:00,22:00:00,185,0.0,No Info,8016
Jet Airways,2019-03-06,Banglore,New Delhi,05:45:00,13:15:00,450,1.0,No Info,19225
Air India,2019-03-01,Banglore,New Delhi,05:50:00,11:20:00,1770,4.0,Change airports,17686
Indigo,2019-03-18,Mumbai,Hyderabad,19:05:00,20:30:00,85,0.0,No Info,2754
Jet Airways,2019-04-01,Kolkata,Banglore,18:55:00,20:45:00,1550,1.0,In-flight meal not included,7064
Jet Airways,2019-05-03,Banglore,Delhi,17:45:00,20:45:00,180,0.0,No Info,7229
Spicejet,2019-03-06,Delhi,Cochin,08:45:00,13:15:00,270,1.0,No Info,8488
Indigo,2019-05-15,Mumbai,Hyderabad,02:35:00,04:05:00,90,0.0,No Info,2754
Jet Airways,2019-05-18,Delhi,Cochin,14:00:00,04:25:00,865,1.0,In-flight meal not included,12373
Goair,2019-04-27,Delhi,Cochin,10:35:00,19:35:00,540,1.0,No Info,6922
Indigo,2019-05-24,Kolkata,Banglore,14:25:00,16:55:00,150,0.0,No Info,5224
Spicejet,2019-06-27,Chennai,Kolkata,08:20:00,10:35:00,135,0.0,No Info,3597
Air Asia,2019-06-03,Kolkata,Banglore,10:20:00,12:55:00,155,0.0,No Info,4409
Jet Airways,2019-06-12,Delhi,Cochin,15:00:00,12:35:00,1295,1.0,In-flight meal not included,10262
Jet Airways,2019-06-27,Banglore,Delhi,08:20:00,11:20:00,180,0.0,No Info,8016
Air India,2019-06-24,Delhi,Cochin,05:15:00,19:15:00,2280,3.0,No Info,10493
Jet Airways,2019-05-27,Delhi,Cochin,20:55:00,04:25:00,450,1.0,In-flight meal not included,12898
Multiple Carriers,2019-03-27,Delhi,Cochin,08:55:00,21:00:00,725,1.0,No Info,8055
Indigo,2019-06-27,Chennai,Kolkata,11:35:00,14:00:00,145,0.0,No Info,3858
Indigo,2019-04-24,Delhi,Cochin,05:35:00,08:50:00,195,0.0,No Info,5013
Jet Airways,2019-06-21,Delhi,Cochin,11:00:00,14:15:00,195,0.0,No Info,9564
Indigo,2019-06-21,Kolkata,Banglore,15:15:00,17:45:00,150,0.0,No Info,4804
Vistara,2019-03-09,Banglore,New Delhi,16:00:00,18:35:00,155,0.0,No Info,7923
Jet Airways,2019-06-24,Delhi,Cochin,22:50:00,04:25:00,335,1.0,No Info,14714
Air India,2019-05-12,Kolkata,Banglore,07:00:00,01:20:00,1100,2.0,No Info,12140
Jet Airways,2019-06-15,Delhi,Cochin,12:15:00,04:25:00,970,2.0,No Info,14300
Multiple Carriers,2019-05-09,Delhi,Cochin,10:20:00,19:00:00,520,1.0,No Info,9794
Jet Airways,2019-05-21,Kolkata,Banglore,06:30:00,07:25:00,1495,2.0,In-flight meal not included,10118
Jet Airways,2019-04-01,Kolkata,Banglore,20:00:00,18:15:00,1335,1.0,No Info,12681
Air Asia,2019-06-21,Banglore,Delhi,23:55:00,02:45:00,170,0.0,No Info,3383
Jet Airways,2019-06-18,Banglore,Delhi,07:10:00,10:10:00,180,0.0,In-flight meal not included,5769
Indigo,2019-06-12,Delhi,Cochin,09:15:00,21:00:00,705,1.0,No Info,6838
Air Asia,2019-03-09,Kolkata,Banglore,22:50:00,01:20:00,150,0.0,No Info,4384
Air India,2019-06-12,Delhi,Cochin,07:00:00,19:15:00,735,1.0,No Info,8669
Indigo,2019-03-09,Banglore,New Delhi,19:30:00,00:40:00,310,1.0,No Info,7280
Vistara,2019-05-27,Banglore,Delhi,21:00:00,23:50:00,170,0.0,No Info,4668
Jet Airways,2019-03-09,Delhi,Cochin,16:00:00,18:50:00,1610,1.0,No Info,16289
Jet Airways,2019-04-06,Banglore,Delhi,17:45:00,20:45:00,180,0.0,No Info,7229
Indigo,2019-05-27,Delhi,Cochin,17:30:00,01:30:00,480,1.0,No Info,6206
Jet Airways,2019-05-01,Kolkata,Banglore,08:25:00,12:00:00,1655,1.0,In-flight meal not included,9663
Multiple Carriers,2019-06-24,Delhi,Cochin,17:00:00,01:30:00,510,1.0,No Info,7198
Jet Airways,2019-06-01,Delhi,Cochin,17:30:00,19:00:00,1530,1.0,In-flight meal not included,10262
Jet Airways,2019-05-21,Kolkata,Banglore,21:10:00,08:15:00,665,1.0,No Info,14781
Indigo,2019-06-15,Delhi,Cochin,18:35:00,01:30:00,415,1.0,No Info,5883
Vistara,2019-03-06,Mumbai,Hyderabad,08:45:00,22:55:00,850,1.0,No Info,12395
Vistara,2019-03-24,Banglore,New Delhi,11:30:00,14:10:00,160,0.0,No Info,5403
Jet Airways,2019-05-21,Delhi,Cochin,19:45:00,04:25:00,520,1.0,No Info,16079
Multiple Carriers,2019-06-01,Delhi,Cochin,13:15:00,22:30:00,555,1.0,No Info,9646
Air India,2019-06-12,Kolkata,Banglore,20:45:00,23:20:00,155,0.0,No Info,4145
Jet Airways,2019-03-24,Kolkata,Banglore,19:45:00,16:20:00,1235,1.0,No Info,13759
Jet Airways,2019-06-24,Delhi,Cochin,21:25:00,19:00:00,1295,2.0,No Info,13292
Jet Airways,2019-06-12,Kolkata,Banglore,14:05:00,10:05:00,1200,1.0,No Info,13044
Jet Airways,2019-05-21,Delhi,Cochin,11:30:00,04:25:00,1015,1.0,In-flight meal not included,12898
Air India,2019-04-01,Kolkata,Banglore,16:45:00,23:15:00,1830,2.0,No Info,9237
Air India,2019-06-09,Kolkata,Banglore,07:00:00,01:20:00,1100,2.0,No Info,13033
Air India,2019-03-12,Banglore,New Delhi,07:30:00,11:05:00,1655,2.0,No Info,11602
Multiple Carriers,2019-03-09,Delhi,Cochin,08:00:00,19:45:00,705,1.0,No Info,16287
Air Asia,2019-06-03,Delhi,Cochin,16:45:00,22:25:00,340,1.0,No Info,11410
Vistara,2019-05-21,Banglore,Delhi,09:45:00,12:35:00,170,0.0,No Info,4668
Air India,2019-06-01,Delhi,Cochin,17:15:00,19:15:00,1560,2.0,No Info,12970
Jet Airways,2019-06-06,Banglore,Delhi,08:20:00,11:20:00,180,0.0,In-flight meal not included,6478
Jet Airways,2019-06-15,Delhi,Cochin,11:45:00,12:35:00,1490,2.0,No Info,13882
Multiple Carriers,2019-03-09,Delhi,Cochin,07:05:00,22:20:00,915,1.0,No Info,6916
Multiple Carriers,2019-06-15,Delhi,Cochin,09:15:00,19:15:00,600,1.0,No Info,9359
Air India,2019-03-21,Delhi,Cochin,17:20:00,09:25:00,965,1.0,No Info,6482
Spicejet,2019-06-21,Mumbai,Hyderabad,05:45:00,07:15:00,90,0.0,No check-in baggage included,2647
Spicejet,2019-06-18,Banglore,Delhi,05:55:00,08:35:00,160,0.0,No Info,3625
Multiple Carriers,2019-05-18,Delhi,Cochin,13:00:00,19:15:00,375,1.0,No Info,14533
Air Asia,2019-04-24,Kolkata,Banglore,10:20:00,12:55:00,155,0.0,No Info,4409
Vistara,2019-04-01,Kolkata,Banglore,20:20:00,23:25:00,1625,1.0,No Info,7927
Jet Airways,2019-05-01,Kolkata,Banglore,08:25:00,18:15:00,590,1.0,No Info,14781
Indigo,2019-05-24,Kolkata,Banglore,22:15:00,00:50:00,155,0.0,No Info,4804
Jet Airways,2019-03-21,Delhi,Cochin,19:45:00,18:50:00,1385,1.0,No Info,12347
Jet Airways,2019-05-18,Kolkata,Banglore,14:05:00,19:50:00,345,1.0,No Info,14781
Air India,2019-06-06,Delhi,Cochin,07:00:00,19:15:00,735,1.0,No Info,8669
Indigo,2019-03-03,Delhi,Cochin,20:30:00,01:35:00,305,1.0,No Info,8258
